{
    "beauty":[{
        "img":"beauty/2.jpg"
    },
    {
        "img":"beauty/3.jpg"
    },
    {
        "img":"beauty/4.jpg"
    },
    {
        "img":"beauty/2.jpg"
    },
    {
        "img":"beauty/6.jpg"
    },
    {
        "img":"beauty/7.jpg"
    },
    {
        "img":"beauty/4.jpg"
    },
    {
        "img":"beauty/1.jpg"
    },
    {
        "img":"beauty/2.jpg"
    }
    ],
    "bags":[{
        "img":"bags/1.jpg"
    },
    {
        "img":"bags/2.jpg"
    },
    {
        "img":"bags/3.jpg"
    },
    {
        "img":"bags/4.jpg"
    },
    {
        "img":"bags/5.jpg"
    },
    {
        "img":"bags/6.jpg"
    },
    {
        "img":"bags/7.jpg"
    },
    {
        "img":"bags/8.jpg"
    },
    {
        "img":"bags/2.jpg"
    }],
    "fashion":[{
        "img":"2.jpg"
    },
    {
        "img":"3.jpg"
    },
    {
        "img":"4.jpg"
    },
    {
        "img":"9.jpg"
    },
    {
        "img":"6.jpg"
    },
    {
        "img":"7.jpg"
    },
    {
        "img":"8.jpg"
    },
    {
        "img":"9.jpg"
    },
    {
        "img":"2.jpg"
    }],

    "flower":[{
        "img":"flower/insta/2.jpg"
    },
    {
        "img":"flower/insta/3.jpg"
    },
    {
        "img":"flower/insta/4.jpg"
    },
    {
        "img":"flower/insta/5.jpg"
    },
    {
        "img":"flower/insta/6.jpg"
    },
    {
        "img":"flower/insta/7.jpg"
    },
    {
        "img":"flower/insta/8.jpg"
    },
    {
        "img":"flower/insta/2.jpg"
    },
    {
        "img":"flower/insta/2.jpg"
    }],
    "gym":[{
        "img":"gym/1.jpg"
    },
    {
        "img":"gym/2.jpg"
    },
    {
        "img":"gym/3.jpg"
    },
    {
        "img":"gym/4.jpg"
    },
    {
        "img":"gym/5.jpg"
    },
    {
        "img":"gym/6.jpg"
    },
    {
        "img":"gym/7.jpg"
    },
    {
        "img":"gym/5.jpg"
    },
    {
        "img":"gym/6.jpg"
    }],

    "jewellery":[{
        "img":"jewellery/1.jpg"
    },
    {
        "img":"jewellery/2.jpg"
    },
    {
        "img":"jewellery/4.jpg"
    },
    {
        "img":"jewellery/5.jpg"
    },
    {
        "img":"jewellery/6.jpg"
    },
    {
        "img":"jewellery/9.jpg"
    },
    {
        "img":"jewellery/8.jpg"
    },
    {
        "img":"jewellery/4.jpg"
    },
    {
        "img":"jewellery/2.jpg"
    }],
    "kids":[{
        "img":"kids/2.jpg"
    },
    {
        "img":"kids/3.jpg"
    },
    {
        "img":"kids/4.jpg"
    },
    {
        "img":"kids/9.jpg"
    },
    {
        "img":"kids/6.jpg"
    },
    {
        "img":"kids/7.jpg"
    },
    {
        "img":"kids/8.jpg"
    },
    {
        "img":"kids/9.jpg"
    },
    {
        "img":"kids/2.jpg"
    }],
    "shoes":[{
        "img":"shoes/2.jpg"
    },
    {
        "img":"shoes/3.jpg"
    },
    {
        "img":"shoes/4.jpg"
    },
    {
        "img":"shoes/9.jpg"
    },
    {
        "img":"shoes/6.jpg"
    },
    {
        "img":"shoes/7.jpg"
    },
    {
        "img":"shoes/8.jpg"
    },
    {
        "img":"shoes/10.jpg"
    },
    {
        "img":"shoes/1.jpg"
    }],
    "watches":[{
        "img":"watches/1.jpg"
    },
    {
        "img":"watches/2.jpg"
    },
    {
        "img":"watches/3.jpg"
    },
    {
        "img":"watches/4.jpg"
    },
    {
        "img":"watches/5.jpg"
    },
    {
        "img":"watches/6.jpg"
    },
    {
        "img":"watches/7.jpg"
    },
    {
        "img":"watches/8.jpg"
    },
    {
        "img":"watches/2.jpg"
    }]
}