{
    "data": [
        { "title": "Dashboard", "icon": "home", "type": "sub", "badgeType": "primary", "active": false },
        {
            "title": "Products",
            "icon": "box",
            "type": "sub",
            "active": false,
            "children": [{
                    "title": "Physical",
                    "type": "sub",
                    "active": false,
                    "children": [
                        { "path": "/physical/category", "title": "Category", "type": "link" },
                        { "path": "/physical/sub-category", "title": "Sub Category", "type": "link" },
                        { "path": "/physical/product-list", "title": "Product List", "type": "link" },
                        { "path": "/physical/product-detail", "title": "Product Detail", "type": "link" },
                        { "path": "/physical/add-product", "title": "Add Product", "type": "link" }
                    ]
                },
                {
                    "title": "Digital",
                    "type": "sub",
                    "active": false,
                    "children": [
                        { "path": "/digital/category", "title": "Category", "type": "link" },
                        { "path": "/digital/sub-category", "title": "Sub Category", "type": "link" },
                        { "path": "/digital/product-list", "title": "Product List", "type": "link" },
                        { "path": "/digital/add-product", "title": "Add Product", "type": "link" }
                    ]
                }
            ]
        },
        {
            "title": "Sales",
            "icon": "image",
            "type": "sub",
            "active": false,
            "children": [
                { "path": "/sales/order", "title": "Orders", "type": "link" },
                { "path": "/sales/transactions", "title": "Transactions", "type": "link" }
            ]
        },
        {
            "title": "Coupons",
            "icon": "tag",
            "type": "sub",
            "active": false,
            "children": [
                { "path": "/coupons/coupon-list", "title": "List Coupons", "type": "link" },
                { "path": "/coupons/add-coupon", "title": "Create Coupons ", "type": "link" }
            ]
        },
        {
            "title": "Pages",
            "icon": "clipboard",
            "type": "sub",
            "active": false,
            "children": [
                { "path": "/pages/page-list", "title": "List Page", "type": "link" },
                { "path": "/pages/create-page", "title": "Create Page", "type": "link" }
            ]
        },
        {
            "title": "Media",
            "path": "/app/media",
            "icon": "camera",
            "type": "link",
            "active": false

        },
        {
            "title": "Menus",
            "icon": "align-left",
            "type": "sub",
            "active": false,
            "children": [
                { "path": "/menus/menu-list", "title": "Menu list", "type": "link" },
                { "path": "/menus/create-menu", "title": "Create Menu", "type": "link" }
            ]
        },
        {
            "title": "Users",
            "icon": "user-plus",
            "type": "sub",
            "active": false,
            "children": [
                { "path": "/users/user-list", "title": "User List", "type": "link" },
                { "path": "/users/create-user", "title": "Create User", "type": "link" }
            ]
        },
        {
            "title": "Vendors",
            "icon": "users",
            "type": "sub",
            "active": false,
            "children": [
                { "path": "/vendors/vendor-list", "title": "Vendor List", "icon": "box", "type": "link" },
                { "path": "/vendors/create-vendor", "title": "Create Vendor", "icon": "box", "type": "link" }
            ]
        },

        {
            "title": "Localization",
            "icon": "chrome",
            "type": "sub",
            "active": false,
            "children": [
                { "path": "/localization/translations", "title": "Translations", "type": "link" },
                { "path": "/localization/currency-rates", "title": "Currency Rates", "type": "link" },
                { "path": "/localization/taxes", "title": "Taxes", "type": "link" }
            ]
        },
        {
            "path": "/app/reports",
            "title": "Reports",
            "icon": "bar-chart",
            "type": "link",
            "bookmark": true
        },
        {
            "title": "Settings",
            "icon": "settings",
            "type": "sub",
            "active": false,
            "children": [
                { "path": "/settings/profile", "title": "Profile", "type": "link" }
            ]
        },
        {
            "path": "/app/invoice",
            "title": "Invoice",
            "icon": "archive",
            "type": "link",
            "bookmark": true
        },
        {
            "path": "/auth/login",
            "title": "Login",
            "icon": "log-in",
            "type": "link",
            "bookmark": true
        }
    ]
}