{
    "data": [{
            "orderId": "#51240",
            "Product": "Headphones",
            "images": "1.jpg",
            "paymentStatus": "Paid",
            "paymentMethod": "Credit Card",
            "orderStatus": "Shipped",
            "date": "Dec 10,18",
            "total": "$9706",
            "stock": 10,
            "status": true

        },
        {
            "orderId": "#51241",
            "Product": "Headphones",
            "images": "2.jpg",
            "paymentStatus": "Cash On Delivered",
            "paymentMethod": "paypal",
            "orderStatus": "Shipped",
            "date": "Feb 15,18",
            "total": "$1500",
            "status": true
        },
        {
            "orderId": "#51242",
            "Product": "Headphones",
            "images": "3.jpg",
            "paymentStatus": "Payment Failed",
            "paymentMethod": "Credit Card",
            "orderStatus": "Cancelled",
            "date": "Mar 27,18",
            "total": "$18.97",
            "status": true

        },
        {
            "orderId": "#51243",
            "Product": "Headphones",
            "images": "4.jpg",
            "paymentStatus": "Paid",
            "paymentMethod": "Visa",
            "orderStatus": "Delivered",
            "date": "Mar 30,18",
            "total": "$3478",
            "status": true

        }, {
            "orderId": "#51244",
            "Product": "Headphones",
            "images": "5.jpg",
            "paymentStatus": "Awaiting Authentication",
            "paymentMethod": "Credit Card",
            "orderStatus": "Processing",
            "date": "Apr 5,18",
            "total": "$9672",
            "status": true

        },
        {
            "orderId": "#51245",
            "Product": "T-shirt",
            "images": "6.jpg",
            "paymentStatus": "Cash On Delivered",
            "paymentMethod": "Paypal",
            "orderStatus": "Shipped",
            "date": "Apr 8,18",
            "total": "$59.76",
            "status": true

        },
        {
            "orderId": "#51246",
            "Product": "T-shirt",
            "images": "7.jpg",
            "paymentStatus": "Payment Failed",
            "paymentMethod": "Paypal",
            "orderStatus": "Cancelled",
            "date": "Apr 12,18",
            "total": "$37.60",
            "status": true

        },
        {
            "orderId": "#51247",
            "Product": "T-shirt",
            "images": "8.jpg",
            "paymentStatus": "Payment Failed",
            "paymentMethod": "Master Card",
            "orderStatus": "Cancelled",
            "date": "Mar 26,18",
            "total": "$3212",
            "status": true

        },
        {
            "orderId": "#51248",
            "Product": "T-shirt",
            "images": "9.jpg",
            "paymentStatus": "Cash On Delivered",
            "paymentMethod": "Paypal",
            "orderStatus": "Shipped",
            "date": "Feb 29,18",
            "total": "$6719",
            "status": true

        },
        {
            "orderId": "#51249",
            "Product": "T-shirt",
            "images": "10.jpg",
            "paymentStatus": "Paid",
            "paymentMethod": "Master Card",
            "orderStatus": "Processing",
            "date": "Sep 2,18",
            "total": "$9765",
            "status": true
        },
        {
            "orderId": "#51250",
            "Product": "T-shirt",
            "images": "11.jpg",
            "paymentStatus": "Paid",
            "paymentMethod": "Credit Card",
            "orderStatus": "Shipped",
            "date": "Dec 10,18",
            "total": "$9706",
            "status": true
        }


    ]
}