{
    "data": [{
            "id": 1,
            "name": "Gray Brody",
            "transferId": "14783112",
            "date": "Nov 20, 2018",
            "total": "$671",
            "actions": ""
        },
        {
            "id": 2,
            "name": "campbell",
            "transferId": "461178242",
            "date": "Apr 19, 2019",
            "total": "$94174",
            "actions": ""
        },
        {
            "id": 3,
            "name": "Perez Alonzo",
            "transferId": "87541221",
            "date": "Dec 25, 2018",
            "total": "$8136",
            "actions": ""
        },

        {
            "id": 4,
            "name": "woters maxine",
            "transferId": "213514462",
            "date": "Feb 04, 2019",
            "total": "$564",
            "actions": ""
        },
        {
            "id": 5,
            "name": "stephanie",
            "transferId": "5781425474",
            "date": "Feb 30, 2019",
            "total": "$1236",
            "actions": ""
        },
        {
            "id": 6,
            "name": "Rowan torres",
            "transferId": "7512785568",
            "date": "Jan 07, 2019",
            "total": "$2364",
            "actions": ""
        },
        {
            "id": 7,
            "name": "Rowan torres",
            "transferId": "7512785568",
            "date": "Jan 07, 2019",
            "total": "$2364",
            "actions": ""
        },
        {
            "id": 8,
            "name": "Rowan torres",
            "transferId": "7512785568",
            "date": "Jan 07, 2019",
            "total": "$2364",
            "actions": ""
        },
        {
            "id": 9,
            "name": "Rowan torres",
            "transferId": "7512785568",
            "date": "Jan 07, 2019",
            "total": "$2364",
            "actions": ""
        },
        {
            "id": 10,
            "name": "Rowan torres",
            "transferId": "7512785568",
            "date": "Jan 07, 2019",
            "total": "$2364",
            "actions": ""
        }
    ]
}